"구·군별(1)",구·군별(2),2017.12,2017.12,2017.12,2017.12,2017.12,2017.12,2017.12,2017.12,2017.12,2017.12,2017.12,2018.01,2018.01,2018.01,2018.01,2018.01,2018.01,2018.01,2018.01,2018.01,2018.01,2018.01
"구·군별(1)",구·군별(2),총인구,총인구,총인구,총인구,한국인,한국인,한국인,한국인,외국인,외국인,외국인,총인구,총인구,총인구,총인구,한국인,한국인,한국인,한국인,외국인,외국인,외국인
"구·군별(1)",구·군별(2),세대수 (세대),인구 (명),남자인구 (명),여자인구 (명),세대수 (세대),인구 (명),남자인구 (명),여자인구 (명),인구 (명),남자인구 (명),여자인구 (명),세대수 (세대),인구 (명),남자인구 (명),여자인구 (명),세대수 (세대),인구 (명),남자인구 (명),여자인구 (명),인구 (명),남자인구 (명),여자인구 (명)
"부산광역시",소계,1467555,3520306,1736878,1783428,1467555,3470653,1709508,1761145,49653,27370,22283,1468069,3516594,1734978,1781616,1468069,3467055,1707568,1759487,49539,27410,22129
"중구",소계,23284,46066,22843,23223,23284,44218,21662,22556,1848,1181,667,23265,45965,22793,23172,23265,44107,21610,22497,1858,1183,675
"중구",중앙동,1120,2269,1330,939,1120,1864,978,886,405,352,53,1117,2272,1326,946,1117,1870,980,890,402,346,56
"중구",동광동,1972,3465,1792,1673,1972,3259,1634,1625,206,158,48,1964,3455,1791,1664,1964,3247,1632,1615,208,159,49
"중구",대청동,3572,7258,3437,3821,3572,7174,3403,3771,84,34,50,3562,7227,3434,3793,3562,7142,3399,3743,85,35,50
"중구",보수동,5731,11413,5548,5865,5731,11276,5504,5772,137,44,93,5746,11405,5538,5867,5746,11266,5492,5774,139,46,93
"중구",부평동,2737,5282,2462,2820,2737,5018,2359,2659,264,103,161,2732,5267,2461,2806,2732,5001,2353,2648,266,108,158
"중구",광복동,723,1295,682,613,723,1250,651,599,45,31,14,725,1293,678,615,725,1252,651,601,41,27,14
"중구",남포동,756,1445,917,528,756,1201,676,525,244,241,3,753,1438,912,526,753,1196,674,522,242,238,4
"중구",영주1동,2809,5341,2642,2699,2809,4954,2449,2505,387,193,194,2813,5340,2639,2701,2813,4947,2442,2505,393,197,196
"중구",영주2동,3864,8298,4033,4265,3864,8222,4008,4214,76,25,51,3853,8268,4014,4254,3853,8186,3987,4199,82,27,55
"서구",소계,51953,111945,55081,56864,51953,110039,53873,56166,1906,1208,698,51900,111682,54949,56733,51900,109770,53727,56043,1912,1222,690
"서구",동대신1동,2285,4870,2360,2510,2285,4843,2352,2491,27,8,19,2275,4849,2349,2500,2275,4822,2341,2481,27,8,19
"서구",동대신2동,3791,8621,4198,4423,3791,8565,4176,4389,56,22,34,3804,8609,4189,4420,3804,8558,4168,4390,51,21,30
"서구",동대신3동,3364,7097,3339,3758,3364,7041,3312,3729,56,27,29,3370,7094,3334,3760,3370,7036,3306,3730,58,28,30
"서구",서대신1동,4699,10218,4929,5289,4699,10125,4892,5233,93,37,56,4616,10037,4837,5200,4616,9946,4801,5145,91,36,55
"서구",서대신3동,3516,9327,4402,4925,3516,9273,4375,4898,54,27,27,3524,9341,4413,4928,3524,9288,4387,4901,53,26,27
"서구",서대신4동,2679,7182,3479,3703,2679,7161,3468,3693,21,11,10,2701,7234,3502,3732,2701,7213,3491,3722,21,11,10
"서구",부민동,4056,8562,4146,4416,4056,8363,4058,4305,199,88,111,4039,8532,4132,4400,4039,8337,4046,4291,195,86,109
"서구",아미동,4431,8536,4335,4201,4431,8479,4318,4161,57,17,40,4419,8491,4313,4178,4419,8435,4296,4139,56,17,39
"서구",초장동,2881,5332,2660,2672,2881,5288,2639,2649,44,21,23,2870,5312,2642,2670,2870,5268,2620,2648,44,22,22
"서구",충무동,4823,9435,4619,4816,4823,9101,4371,4730,334,248,86,4878,9510,4646,4864,4878,9178,4396,4782,332,250,82
"서구",남부민1동,2771,5534,2940,2594,2771,5199,2637,2562,335,303,32,2767,5517,2941,2576,2767,5179,2635,2544,338,306,32
"서구",남부민2동,5350,10971,5509,5462,5350,10827,5415,5412,144,94,50,5343,10945,5502,5443,5343,10798,5405,5393,147,97,50
"서구",암남동,7307,16260,8165,8095,7307,15774,7860,7914,486,305,181,7294,16211,8149,8062,7294,15712,7835,7877,499,314,185
"동구",소계,43413,90856,44786,46070,43413,88868,43927,44941,1988,859,1129,43443,90808,44754,46054,43443,88801,43870,44931,2007,884,1123
"동구",초량1동,2703,6040,3022,3018,2703,5121,2548,2573,919,474,445,2715,6056,3040,3016,2715,5135,2560,2575,921,480,441
"동구",초량2동,3353,6723,3227,3496,3353,6360,3141,3219,363,86,277,3358,6707,3218,3489,3358,6341,3131,3210,366,87,279
"동구",초량3동,3227,6039,3042,2997,3227,5805,2912,2893,234,130,104,3241,6053,3041,3012,3241,5800,2894,2906,253,147,106
"동구",초량6동,3439,7260,3603,3657,3439,7201,3581,3620,59,22,37,3429,7240,3591,3649,3429,7183,3570,3613,57,21,36
"동구",수정1동,2158,4776,2339,2437,2158,4734,2324,2410,42,15,27,2153,4760,2335,2425,2153,4720,2320,2400,40,15,25
"동구",수정2동,4324,9047,4378,4669,4324,8993,4357,4636,54,21,33,4314,9029,4373,4656,4314,8972,4349,4623,57,24,33
"동구",수정4동,2476,4850,2439,2411,2476,4812,2428,2384,38,11,27,2467,4817,2416,2401,2467,4782,2406,2376,35,10,25
"동구",수정5동,2936,6390,3114,3276,2936,6364,3103,3261,26,11,15,2934,6357,3094,3263,2934,6331,3083,3248,26,11,15
"동구",좌천동,5237,11536,5607,5929,5237,11466,5583,5883,70,24,46,5241,11516,5590,5926,5241,11447,5566,5881,69,24,45
"동구",범일1동,6207,13142,6527,6615,6207,13063,6503,6560,79,24,55,6208,13137,6518,6619,6208,13058,6494,6564,79,24,55
"동구",범일2동,4514,9426,4705,4721,4514,9336,4667,4669,90,38,52,4521,9427,4717,4710,4521,9337,4679,4658,90,38,52
"동구",범일5동,2839,5627,2783,2844,2839,5613,2780,2833,14,3,11,2862,5709,2821,2888,2862,5695,2818,2877,14,3,11
"영도구",소계,55713,125347,62284,63063,55713,123521,61156,62365,1826,1128,698,55710,125140,62173,62967,55710,123333,61059,62274,1807,1114,693
"영도구",남항동,5302,11480,5913,5567,5302,11065,5556,5509,415,357,58,5305,11466,5914,5552,5305,11050,5555,5495,416,359,57
"영도구",영선1동,1896,4520,2248,2272,1896,4417,2167,2250,103,81,22,1892,4506,2237,2269,1892,4404,2156,2248,102,81,21
"영도구",영선2동,4088,9709,4754,4955,4088,9618,4699,4919,91,55,36,4076,9666,4731,4935,4076,9573,4675,4898,93,56,37
"영도구",신선동,5331,10741,5388,5353,5331,10680,5366,5314,61,22,39,5321,10694,5371,5323,5321,10634,5350,5284,60,21,39
"영도구",봉래1동,3493,7634,3776,3858,3493,7503,3695,3808,131,81,50,3494,7613,3760,3853,3494,7490,3686,3804,123,74,49
"영도구",봉래2동,2934,6174,3102,3072,2934,6134,3088,3046,40,14,26,2931,6145,3095,3050,2931,6106,3081,3025,39,14,25
"영도구",청학1동,3507,7730,3822,3908,3507,7613,3733,3880,117,89,28,3505,7712,3805,3907,3505,7598,3719,3879,114,86,28
"영도구",청학2동,8181,20243,10085,10158,8181,20057,9994,10063,186,91,95,8174,20232,10068,10164,8174,20045,9976,10069,187,92,95
"영도구",동삼1동,13006,31293,15321,15972,13006,30893,15129,15764,400,192,208,13058,31344,15350,15994,13058,30947,15164,15783,397,186,211
"영도구",동삼2동,1874,4009,2110,1899,1874,3797,1984,1813,212,126,86,1852,3976,2088,1888,1852,3771,1964,1807,205,124,81
"영도구",동삼3동,6101,11814,5765,6049,6101,11744,5745,5999,70,20,50,6102,11786,5754,6032,6102,11715,5733,5982,71,21,50
"부산진구",소계,166491,374504,182588,191916,166491,371703,181502,190201,2801,1086,1715,166392,373712,182189,191523,166392,370945,181110,189835,2767,1079,1688
"부산진구",부전1동,8105,13132,6556,6576,8105,12917,6469,6448,215,87,128,8116,13125,6564,6561,8116,12917,6479,6438,208,85,123
"부산진구",부전2동,5397,10789,5374,5415,5397,10589,5266,5323,200,108,92,5408,10788,5370,5418,5408,10581,5255,5326,207,115,92
"부산진구",연지동,8449,22058,10520,11538,8449,21980,10490,11490,78,30,48,8394,21918,10446,11472,8394,21837,10415,11422,81,31,50
"부산진구",초읍동,9298,21811,10630,11181,9298,21695,10589,11106,116,41,75,9282,21744,10581,11163,9282,21633,10543,11090,111,38,73
"부산진구",양정1동,9173,22094,10597,11497,9173,21981,10557,11424,113,40,73,9139,22014,10556,11458,9139,21900,10517,11383,114,39,75
"부산진구",양정2동,8673,16173,7667,8506,8673,16058,7627,8431,115,40,75,8724,16249,7713,8536,8724,16136,7672,8464,113,41,72
"부산진구",전포1동,9496,17500,8476,9024,9496,17325,8398,8927,175,78,97,9503,17489,8479,9010,9503,17307,8395,8912,182,84,98
"부산진구",전포2동,10944,22643,10810,11833,10944,22467,10726,11741,176,84,92,10930,22531,10739,11792,10930,22359,10659,11700,172,80,92
"부산진구",부암1동,9903,24564,12077,12487,9903,24438,12038,12400,126,39,87,9925,24565,12071,12494,9925,24441,12033,12408,124,38,86
"부산진구",부암3동,8114,21492,10731,10761,8114,21425,10711,10714,67,20,47,8067,21347,10659,10688,8067,21277,10638,10639,70,21,49
"부산진구",당감1동,10662,26270,12629,13641,10662,26093,12573,13520,177,56,121,10662,26245,12634,13611,10662,26070,12578,13492,175,56,119
"부산진구",당감2동,4221,10305,5045,5260,4221,10256,5031,5225,49,14,35,4196,10249,5014,5235,4196,10200,5000,5200,49,14,35
"부산진구",당감4동,5334,12928,6341,6587,5334,12841,6308,6533,87,33,54,5350,12952,6353,6599,5350,12867,6322,6545,85,31,54
"부산진구",가야1동,10279,21946,10977,10969,10279,21546,10812,10734,400,165,235,10280,21904,10965,10939,10280,21524,10805,10719,380,160,220
"부산진구",가야2동,7192,18249,8990,9259,7192,18144,8959,9185,105,31,74,7183,18209,8970,9239,7183,18105,8940,9165,104,30,74
"부산진구",개금1동,7635,15388,7427,7961,7635,15241,7377,7864,147,50,97,7630,15405,7435,7970,7630,15253,7382,7871,152,53,99
"부산진구",개금2동,5070,12553,6184,6369,5070,12470,6147,6323,83,37,46,5067,12515,6160,6355,5067,12437,6127,6310,78,33,45
"부산진구",개금3동,12390,31883,15518,16365,12390,31777,15479,16298,106,39,67,12393,31828,15493,16335,12393,31719,15451,16268,109,42,67
"부산진구",범천1동,6103,11124,5354,5770,6103,11002,5304,5698,122,50,72,6125,11142,5358,5784,6125,11028,5312,5716,114,46,68
"부산진구",범천2동,10053,21602,10685,10917,10053,21458,10641,10817,144,44,100,10018,21493,10629,10864,10018,21354,10587,10767,139,42,97
"동래구",소계,108609,271967,133173,138794,108609,270727,132673,138054,1240,500,740,108560,271448,132910,138538,108560,270230,132420,137810,1218,490,728
"동래구",수민동,12005,31542,15502,16040,12005,31394,15443,15951,148,59,89,12015,31512,15504,16008,12015,31366,15445,15921,146,59,87
"동래구",복산동,5223,11863,5841,6022,5223,11808,5819,5989,55,22,33,5227,11821,5816,6005,5227,11769,5796,5973,52,20,32
"동래구",명륜동,8485,23184,11366,11818,8485,23103,11331,11772,81,35,46,8467,23132,11348,11784,8467,23047,11309,11738,85,39,46
"동래구",온천1동,10737,21037,10064,10973,10737,20791,9952,10839,246,112,134,10738,21005,10060,10945,10738,20767,9950,10817,238,110,128
"동래구",온천2동,6596,16958,8223,8735,6596,16881,8192,8689,77,31,46,6571,16875,8175,8700,6571,16794,8143,8651,81,32,49
"동래구",온천3동,14674,35198,17355,17843,14674,35034,17290,17744,164,65,99,14693,35209,17345,17864,14693,35049,17283,17766,160,62,98
"동래구",사직1동,4141,9916,4765,5151,4141,9872,4746,5126,44,19,25,4161,9911,4771,5140,4161,9865,4750,5115,46,21,25
"동래구",사직2동,9854,30416,14803,15613,9854,30336,14776,15560,80,27,53,9845,30351,14769,15582,9845,30285,14751,15534,66,18,48
"동래구",사직3동,6731,16216,8065,8151,6731,16145,8032,8113,71,33,38,6720,16191,8050,8141,6720,16120,8017,8103,71,33,38
"동래구",안락1동,6822,15970,7953,8017,6822,15872,7917,7955,98,36,62,6822,15940,7923,8017,6822,15843,7887,7956,97,36,61
"동래구",안락2동,11812,31912,15599,16313,11812,31820,15570,16250,92,29,63,11804,31832,15552,16280,11804,31739,15523,16216,93,29,64
"동래구",명장1동,5612,13117,6437,6680,5612,13077,6421,6656,40,16,24,5585,13053,6406,6647,5585,13012,6390,6622,41,16,25
"동래구",명장2동,5917,14638,7200,7438,5917,14594,7184,7410,44,16,28,5912,14616,7191,7425,5912,14574,7176,7398,42,15,27
"남구",소계,113898,279309,137236,142073,113898,273854,134592,139262,5455,2644,2811,113755,278717,136933,141784,113755,273272,134286,138986,5445,2647,2798
"남구",대연1동,10470,21858,10891,10967,10470,20931,10400,10531,927,491,436,10452,21817,10883,10934,10452,20880,10370,10510,937,513,424
"남구",대연3동,14998,37425,18323,19102,14998,34933,17082,17851,2492,1241,1251,14938,37303,18232,19071,14938,34835,17022,17813,2468,1210,1258
"남구",대연4동,4671,10579,5187,5392,4671,10530,5171,5359,49,16,33,4675,10552,5177,5375,4675,10504,5161,5343,48,16,32
"남구",대연5동,6137,14760,7123,7637,6137,14584,7047,7537,176,76,100,6147,14759,7124,7635,6147,14574,7037,7537,185,87,98
"남구",대연6동,3047,7969,3864,4105,3047,7941,3849,4092,28,15,13,3028,7928,3853,4075,3028,7893,3833,4060,35,20,15
"남구",용호1동,15621,43919,21137,22782,15621,43273,20827,22446,646,310,336,15602,43816,21090,22726,15602,43182,20787,22395,634,303,331
"남구",용호2동,7451,19734,9692,10042,7451,19544,9603,9941,190,89,101,7462,19725,9695,10030,7462,19533,9602,9931,192,93,99
"남구",용호3동,5703,13661,6691,6970,5703,13564,6652,6912,97,39,58,5700,13637,6673,6964,5700,13538,6633,6905,99,40,59
"남구",용호4동,3794,9514,4648,4866,3794,9449,4625,4824,65,23,42,3799,9490,4632,4858,3799,9424,4608,4816,66,24,42
"남구",용당동,3539,9290,4714,4576,3539,9091,4610,4481,199,104,95,3541,9256,4685,4571,3541,9066,4589,4477,190,96,94
"남구",감만1동,6658,15883,8048,7835,6658,15726,7970,7756,157,78,79,6635,15805,8025,7780,6635,15646,7945,7701,159,80,79
"남구",감만2동,3370,7781,3876,3905,3370,7738,3863,3875,43,13,30,3374,7776,3873,3903,3374,7733,3860,3873,43,13,30
"남구",우암동,7507,17709,8848,8861,7507,17634,8827,8807,75,21,54,7483,17654,8811,8843,7483,17581,8791,8790,73,20,53
"남구",문현1동,6349,15990,7849,8141,6349,15914,7826,8088,76,23,53,6350,15981,7835,8146,6350,15904,7811,8093,77,24,53
"남구",문현2동,4559,9014,4477,4537,4559,8929,4432,4497,85,45,40,4540,8984,4470,4514,4540,8896,4421,4475,88,49,39
"남구",문현3동,5241,13340,6491,6849,5241,13253,6453,6800,87,38,49,5241,13355,6493,6862,5241,13266,6456,6810,89,37,52
"남구",문현4동,4783,10883,5377,5506,4783,10820,5355,5465,63,22,41,4788,10879,5382,5497,4788,10817,5360,5457,62,22,40
"북구",소계,120249,305045,151255,153790,120249,302924,150355,152569,2121,900,1221,120227,304579,151032,153547,120227,302427,150106,152321,2152,926,1226
"북구",구포1동,7113,15382,7836,7546,7113,15208,7763,7445,174,73,101,7159,15431,7858,7573,7159,15257,7787,7470,174,71,103
"북구",구포2동,11794,27942,14336,13606,11794,27763,14271,13492,179,65,114,11779,27893,14310,13583,11779,27718,14247,13471,175,63,112
"북구",구포3동,9664,23879,12248,11631,9664,23016,11777,11239,863,471,392,9640,23816,12217,11599,9640,22902,11714,11188,914,503,411
"북구",금곡동,18253,42538,20662,21876,18253,42383,20615,21768,155,47,108,18255,42467,20632,21835,18255,42311,20583,21728,156,49,107
"북구",화명1동,14566,45378,22384,22994,14566,45265,22350,22915,113,34,79,14578,45370,22367,23003,14578,45258,22333,22925,112,34,78
"북구",화명2동,6334,17036,8390,8646,6334,16961,8364,8597,75,26,49,6306,16933,8340,8593,6306,16861,8314,8547,72,26,46
"북구",화명3동,10568,31937,15637,16300,10568,31815,15584,16231,122,53,69,10571,31921,15643,16278,10571,31800,15590,16210,121,53,68
"북구",덕천1동,7461,15637,7721,7916,7461,15557,7695,7862,80,26,54,7445,15573,7698,7875,7445,15497,7673,7824,76,25,51
"북구",덕천2동,6326,12967,6435,6532,6326,12853,6400,6453,114,35,79,6338,12920,6406,6514,6338,12811,6373,6438,109,33,76
"북구",덕천3동,5711,12193,5981,6212,5711,12125,5950,6175,68,31,37,5715,12186,5963,6223,5715,12119,5933,6186,67,30,37
"북구",만덕1동,3950,9870,4877,4993,3950,9820,4868,4952,50,9,41,3940,9819,4864,4955,3940,9770,4855,4915,49,9,40
"북구",만덕2동,10964,29516,14529,14987,10964,29438,14512,14926,78,17,61,10957,29503,14526,14977,10957,29425,14509,14916,78,17,61
"북구",만덕3동,7545,20770,10219,10551,7545,20720,10206,10514,50,13,37,7544,20747,10208,10539,7544,20698,10195,10503,49,13,36
"해운대구",소계,165002,417161,202206,214955,165002,412039,199630,212409,5122,2576,2546,165184,416956,202085,214871,165184,411827,199506,212321,5129,2579,2550
"해운대구",우1동,9810,22161,10775,11386,9810,21747,10561,11186,414,214,200,9817,22116,10737,11379,9817,21704,10525,11179,412,212,200
"해운대구",우2동,10801,29885,14356,15529,10801,29511,14158,15353,374,198,176,10839,29948,14385,15563,10839,29565,14180,15385,383,205,178
"해운대구",우3동,10382,29447,13964,15483,10382,28629,13545,15084,818,419,399,10380,29399,13955,15444,10380,28584,13537,15047,815,418,397
"해운대구",중1동,9703,23438,11427,12011,9703,22840,11077,11763,598,350,248,9736,23458,11447,12011,9736,22866,11099,11767,592,348,244
"해운대구",중2동,7168,16750,8067,8683,7168,16356,7824,8532,394,243,151,7191,16767,8067,8700,7191,16371,7825,8546,396,242,154
"해운대구",좌1동,7502,19228,9056,10172,7502,19077,8980,10097,151,76,75,7525,19273,9061,10212,7525,19124,8986,10138,149,75,74
"해운대구",좌2동,13415,33878,15781,18097,13415,33644,15675,17969,234,106,128,13421,33808,15732,18076,13421,33579,15629,17950,229,103,126
"해운대구",좌3동,6342,17715,8402,9313,6342,17576,8339,9237,139,63,76,6339,17680,8386,9294,6339,17540,8323,9217,140,63,77
"해운대구",좌4동,8522,24906,11935,12971,8522,24827,11903,12924,79,32,47,8520,24885,11936,12949,8520,24804,11904,12900,81,32,49
"해운대구",송정동,4702,10401,5062,5339,4702,10284,5007,5277,117,55,62,4698,10366,5043,5323,4698,10250,4989,5261,116,54,62
"해운대구",반여1동,13391,38138,18976,19162,13391,37869,18850,19019,269,126,143,13371,38031,18928,19103,13371,37760,18803,18957,271,125,146
"해운대구",반여2동,6817,14084,6938,7146,6817,13983,6903,7080,101,35,66,6806,14030,6896,7134,6806,13927,6860,7067,103,36,67
"해운대구",반여3동,4877,10417,5079,5338,4877,10352,5057,5295,65,22,43,4872,10364,5047,5317,4872,10300,5026,5274,64,21,43
"해운대구",반여4동,5568,16219,8006,8213,5568,16174,7995,8179,45,11,34,5564,16192,7999,8193,5564,16149,7989,8160,43,10,33
"해운대구",반송1동,8406,17268,8682,8586,8406,16499,8316,8183,769,366,403,8373,17206,8659,8547,8373,16422,8283,8139,784,376,408
"해운대구",반송2동,12459,26904,13163,13741,12459,26726,13102,13624,178,61,117,12419,26746,13087,13659,12419,26572,13028,13544,174,59,115
"해운대구",재송1동,13272,37502,18491,19011,13272,37259,18361,18898,243,130,113,13461,37980,18719,19261,13461,37737,18589,19148,243,130,113
"해운대구",재송2동,11865,28820,14046,14774,11865,28686,13977,14709,134,69,65,11852,28707,14001,14706,11852,28573,13931,14642,134,70,64
"사하구",소계,137679,338112,169379,168733,137679,333301,166434,166867,4811,2945,1866,137872,337909,169320,168589,137872,333089,166361,166728,4820,2959,1861
"사하구",괴정1동,8638,21456,10453,11003,8638,21315,10389,10926,141,64,77,8634,21419,10436,10983,8634,21277,10374,10903,142,62,80
"사하구",괴정2동,6421,15718,7728,7990,6421,15638,7693,7945,80,35,45,6417,15691,7713,7978,6417,15611,7679,7932,80,34,46
"사하구",괴정3동,6425,14194,6800,7394,6425,14104,6772,7332,90,28,62,6485,14182,6801,7381,6485,14092,6770,7322,90,31,59
"사하구",괴정4동,5873,13807,6763,7044,5873,13726,6733,6993,81,30,51,5866,13761,6740,7021,5866,13678,6708,6970,83,32,51
"사하구",당리동,11684,30108,14805,15303,11684,29964,14763,15201,144,42,102,11699,30052,14792,15260,11699,29911,14750,15161,141,42,99
"사하구",하단1동,9620,22865,11466,11399,9620,22641,11371,11270,224,95,129,9598,22808,11439,11369,9598,22582,11344,11238,226,95,131
"사하구",하단2동,11611,26969,13359,13610,11611,26501,13152,13349,468,207,261,11615,26919,13351,13568,11615,26455,13148,13307,464,203,261
"사하구",신평1동,8678,19662,10195,9467,8678,19144,9819,9325,518,376,142,8669,19650,10200,9450,8669,19118,9809,9309,532,391,141
"사하구",신평2동,6221,16349,8347,8002,6221,15955,8066,7889,394,281,113,6214,16328,8340,7988,6214,15934,8058,7876,394,282,112
"사하구",장림1동,5769,13896,7430,6466,5769,13068,6743,6325,828,687,141,5766,13864,7424,6440,5766,13037,6738,6299,827,686,141
"사하구",장림2동,10859,28449,14480,13969,10859,28071,14282,13789,378,198,180,10897,28456,14495,13961,10897,28083,14297,13786,373,198,175
"사하구",다대1동,17015,43786,22112,21674,17015,42995,21532,21463,791,580,211,16992,43652,22041,21611,16992,42854,21453,21401,798,588,210
"사하구",다대2동,12160,30470,15021,15449,12160,30269,14949,15320,201,72,129,12167,30449,14996,15453,12167,30247,14924,15323,202,72,130
"사하구",구평동,4115,10832,5583,5249,4115,10674,5481,5193,158,102,56,4282,11259,5794,5465,4282,11103,5695,5408,156,99,57
"사하구",감천1동,8671,21822,10844,10978,8671,21554,10707,10847,268,137,131,8670,21750,10795,10955,8670,21485,10662,10823,265,133,132
"사하구",감천2동,3919,7729,3993,3736,3919,7682,3982,3700,47,11,36,3901,7669,3963,3706,3901,7622,3952,3670,47,11,36
"금정구",소계,104827,248917,121987,126930,104827,244469,120153,124316,4448,1834,2614,104870,248807,121910,126897,104870,244427,120093,124334,4380,1817,2563
"금정구",서1동,3874,7441,3773,3668,3874,7405,3763,3642,36,10,26,3868,7415,3762,3653,3868,7379,3752,3627,36,10,26
"금정구",서2동,5410,11355,5676,5679,5410,11304,5663,5641,51,13,38,5380,11289,5652,5637,5380,11238,5639,5599,51,13,38
"금정구",서3동,5732,12131,6116,6015,5732,12060,6091,5969,71,25,46,5733,12112,6113,5999,5733,12042,6089,5953,70,24,46
"금정구",금사회동동,4504,9712,5187,4525,4504,9470,5024,4446,242,163,79,4488,9677,5168,4509,4488,9436,5007,4429,241,161,80
"금정구",부곡1동,4632,9714,4719,4995,4632,9627,4696,4931,87,23,64,4628,9702,4708,4994,4628,9613,4684,4929,89,24,65
"금정구",부곡2동,7154,17775,8573,9202,7154,17708,8550,9158,67,23,44,7157,17738,8544,9194,7157,17673,8524,9149,65,20,45
"금정구",부곡3동,6984,17696,8545,9151,6984,17588,8503,9085,108,42,66,7074,17862,8630,9232,7074,17752,8586,9166,110,44,66
"금정구",부곡4동,6074,13947,6791,7156,6074,13884,6767,7117,63,24,39,6063,13904,6764,7140,6063,13841,6740,7101,63,24,39
"금정구",장전1동,9423,19550,9861,9689,9423,18020,9194,8826,1530,667,863,9352,19429,9786,9643,9352,17908,9117,8791,1521,669,852
"금정구",장전2동,5543,15587,7517,8070,5543,15124,7300,7824,463,217,246,5522,15491,7469,8022,5522,15059,7263,7796,432,206,226
"금정구",선두구동,1312,2597,1409,1188,1312,2545,1363,1182,52,46,6,1314,2598,1415,1183,1314,2547,1369,1178,51,46,5
"금정구",청룡노포동,4373,10694,5310,5384,4373,10586,5245,5341,108,65,43,4375,10675,5283,5392,4375,10572,5225,5347,103,58,45
"금정구",남산동,13912,33309,16109,17200,13912,32131,15753,16378,1178,356,822,13865,33193,16078,17115,13865,32043,15724,16319,1150,354,796
"금정구",구서1동,7339,19749,9462,10287,7339,19651,9423,10228,98,39,59,7317,19673,9435,10238,7317,19576,9397,10179,97,38,59
"금정구",구서2동,13109,35697,17177,18520,13109,35574,17142,18432,123,35,88,13101,35542,17080,18462,13101,35419,17045,18374,123,35,88
"금정구",금성동,501,1211,594,617,501,1208,593,615,3,1,2,501,1210,592,618,501,1207,591,616,3,1,2
"금정구",장전3동,4951,10752,5168,5584,4951,10584,5083,5501,168,85,83,5132,11297,5431,5866,5132,11122,5341,5781,175,90,85
"강서구",소계,47850,123079,65532,57547,47850,117382,60677,56705,5697,4855,842,47892,123120,65516,57604,47892,117428,60668,56760,5692,4848,844
"강서구",대저1동,3900,7596,4230,3366,3900,7393,4069,3324,203,161,42,3891,7579,4223,3356,3891,7374,4059,3315,205,164,41
"강서구",대저2동,3881,8583,4690,3893,3881,8380,4536,3844,203,154,49,3890,8584,4687,3897,3890,8384,4536,3848,200,151,49
"강서구",강동동,2846,5460,2994,2466,2846,5238,2805,2433,222,189,33,2838,5440,2992,2448,2838,5211,2795,2416,229,197,32
"강서구",명지1동,-,-,-,-,-,-,-,-,-,-,-,9775,26777,13385,13392,9775,26377,13189,13188,400,196,204
"강서구",명지2동,-,-,-,-,-,-,-,-,-,-,-,10047,31281,15514,15767,10047,31279,15514,15765,2,0,2
"강서구",가락동,1437,2791,1490,1301,1437,2674,1396,1278,117,94,23,1431,2781,1480,1301,1431,2664,1387,1277,117,93,24
"강서구",녹산동,13790,36752,21163,15589,13790,32268,17135,15133,4484,4028,456,13842,36797,21170,15627,13842,32316,17152,15164,4481,4018,463
"강서구",가덕도동,2184,3910,2084,1826,2184,3850,2054,1796,60,30,30,2178,3881,2065,1816,2178,3823,2036,1787,58,29,29
"강서구",명지동,19812,57987,28881,29106,19812,57579,28682,28897,408,199,209,-,-,-,-,-,-,-,-,-,-,-
"연제구",소계,85892,207729,100988,106741,85892,206742,100613,106129,987,375,612,86013,207717,100965,106752,86013,206729,100589,106140,988,376,612
"연제구",거제1동,10689,29526,14427,15099,10689,29434,14384,15050,92,43,49,10684,29488,14409,15079,10684,29396,14364,15032,92,45,47
"연제구",거제2동,4600,12595,6112,6483,4600,12557,6100,6457,38,12,26,4593,12584,6102,6482,4593,12546,6090,6456,38,12,26
"연제구",거제3동,4686,11050,5324,5726,4686,10997,5302,5695,53,22,31,4680,11044,5310,5734,4680,10993,5289,5704,51,21,30
"연제구",거제4동,4332,11689,5745,5944,4332,11652,5731,5921,37,14,23,4333,11653,5720,5933,4333,11618,5706,5912,35,14,21
"연제구",연산1동,6860,17633,8607,9026,6860,17512,8562,8950,121,45,76,6896,17744,8664,9080,6896,17624,8619,9005,120,45,75
"연제구",연산2동,6084,13586,6536,7050,6084,13510,6506,7004,76,30,46,6104,13600,6554,7046,6104,13524,6524,7000,76,30,46
"연제구",연산3동,4021,8676,4165,4511,4021,8617,4144,4473,59,21,38,4002,8631,4140,4491,4002,8573,4119,4454,58,21,37
"연제구",연산4동,8207,17584,8583,9001,8207,17483,8554,8929,101,29,72,8236,17573,8584,8989,8236,17472,8555,8917,101,29,72
"연제구",연산5동,8447,15297,7348,7949,8447,15165,7287,7878,132,61,71,8494,15334,7373,7961,8494,15199,7313,7886,135,60,75
"연제구",연산6동,7164,15465,7606,7859,7164,15389,7583,7806,76,23,53,7218,15557,7644,7913,7218,15476,7620,7856,81,24,57
"연제구",연산8동,6160,15463,7614,7849,6160,15390,7585,7805,73,29,44,6146,15411,7582,7829,6146,15338,7553,7785,73,29,44
"연제구",연산9동,14642,39165,18921,20244,14642,39036,18875,20161,129,46,83,14627,39098,18883,20215,14627,38970,18837,20133,128,46,82
"수영구",소계,79788,181725,86570,95155,79788,179996,85778,94218,1729,792,937,79922,181605,86556,95049,79922,179878,85765,94113,1727,791,936
"수영구",남천1동,6455,15153,7093,8060,6455,14952,7000,7952,201,93,108,6429,15096,7069,8027,6429,14894,6978,7916,202,91,111
"수영구",남천2동,5299,13811,6453,7358,5299,13656,6382,7274,155,71,84,5285,13748,6434,7314,5285,13594,6363,7231,154,71,83
"수영구",수영동,7530,15801,7641,8160,7530,15683,7580,8103,118,61,57,7542,15763,7627,8136,7542,15640,7563,8077,123,64,59
"수영구",망미1동,11231,27168,13034,14134,11231,27038,12990,14048,130,44,86,11232,27123,13020,14103,11232,26990,12974,14016,133,46,87
"수영구",망미2동,5322,12739,6244,6495,5322,12648,6212,6436,91,32,59,5325,12716,6242,6474,5325,12623,6208,6415,93,34,59
"수영구",광안1동,12232,26392,12573,13819,12232,26158,12472,13686,234,101,133,12289,26403,12556,13847,12289,26172,12455,13717,231,101,130
"수영구",광안2동,8516,19083,9019,10064,8516,18796,8874,9922,287,145,142,8599,19214,9088,10126,8599,18929,8945,9984,285,143,142
"수영구",광안3동,5616,10619,5100,5519,5616,10550,5072,5478,69,28,41,5626,10607,5102,5505,5626,10538,5073,5465,69,29,40
"수영구",광안4동,5615,13046,5925,7121,5615,12945,5887,7058,101,38,63,5601,12968,5896,7072,5601,12872,5861,7011,96,35,61
"수영구",민락동,11972,27913,13488,14425,11972,27570,13309,14261,343,179,164,11994,27967,13522,14445,11994,27626,13345,14281,341,177,164
"사상구",소계,97169,234624,119308,115316,97169,229219,116416,112803,5405,2892,2513,97146,234049,119019,115030,97146,228716,116148,112568,5333,2871,2462
"사상구",삼락동,3324,7099,3864,3235,3324,6679,3597,3082,420,267,153,3324,7119,3889,3230,3324,6666,3592,3074,453,297,156
"사상구",모라1동,11543,29084,14638,14446,11543,28719,14472,14247,365,166,199,11546,29064,14624,14440,11546,28697,14454,14243,367,170,197
"사상구",모라3동,6922,12555,5974,6581,6922,12488,5953,6535,67,21,46,6940,12516,5939,6577,6940,12449,5918,6531,67,21,46
"사상구",덕포1동,5248,11779,6052,5727,5248,11422,5862,5560,357,190,167,5224,11739,6049,5690,5224,11368,5852,5516,371,197,174
"사상구",덕포2동,5671,14410,7375,7035,5671,14149,7217,6932,261,158,103,5659,14344,7330,7014,5659,14085,7177,6908,259,153,106
"사상구",괘법동,10844,22990,11959,11031,10844,21861,11436,10425,1129,523,606,10853,22853,11900,10953,10853,21822,11424,10398,1031,476,555
"사상구",감전동,7154,15212,8187,7025,7154,14684,7831,6853,528,356,172,7154,15193,8180,7013,7154,14655,7821,6834,538,359,179
"사상구",주례1동,6646,17105,8738,8367,6646,16987,8688,8299,118,50,68,6667,17112,8730,8382,6667,16996,8682,8314,116,48,68
"사상구",주례2동,10568,25806,12921,12885,10568,24824,12530,12294,982,391,591,10583,25735,12887,12848,10583,24771,12499,12272,964,388,576
"사상구",주례3동,5655,14569,7167,7402,5655,14435,7103,7332,134,64,70,5653,14539,7154,7385,5653,14410,7092,7318,129,62,67
"사상구",학장동,12258,32515,16591,15924,12258,31772,16016,15756,743,575,168,12233,32426,16545,15881,12233,31691,15977,15714,735,568,167
"사상구",엄궁동,11336,31500,15842,15658,11336,31199,15711,15488,301,131,170,11310,31409,15792,15617,11310,31106,15660,15446,303,132,171
"기장군",소계,65738,163920,81662,82258,65738,161651,80067,81584,2269,1595,674,65918,164380,81874,82506,65918,162076,80250,81826,2304,1624,680
"기장군",기장읍,24467,56244,27512,28732,24467,55735,27232,28503,509,280,229,24523,56362,27562,28800,24523,55825,27259,28566,537,303,234
"기장군",장안읍,4595,9304,5077,4227,4595,8924,4737,4187,380,340,40,4597,9297,5058,4239,4597,8919,4720,4199,378,338,40
"기장군",정관읍,28191,80168,39768,40400,28191,79039,38966,40073,1129,802,327,28320,80519,39950,40569,28320,79387,39149,40238,1132,801,331
"기장군",일광읍,4541,9302,4757,4545,4541,9184,4671,4513,118,86,32,4539,9329,4779,4550,4539,9195,4677,4518,134,102,32
"기장군",철마면,3944,8902,4548,4354,3944,8769,4461,4308,133,87,46,3939,8873,4525,4348,3939,8750,4445,4305,123,80,43
